ID,Start time,Completion time,Email,Name,Last modified time,Phone number,What times are you available to meet with Dr. Stewart? (please select all times that you are available)
0,02/01/25 00:34:54,02/01/25 00:36:54,rwhite@example.com,Laura Gomez,,001-973-760-4936x94299,Mondays 11:00 AM - 11:30 AM;Thursday 10:00 AM - 10:30 AM;Wednesday 2:30 PM - 3:00 PM;Wednesday 2:00 PM - 2:30 PM;Friday 3:00 PM - 3:30 PM;Mondays 10:30 AM - 11:00 AM;
1,02/01/25 01:16:46,02/01/25 01:20:46,heathergarcia@example.org,Regina Harding,,001-516-290-4468x1111,Mondays 11:30 AM - 12:00  PM;Mondays 11:00 AM - 11:30 AM;
2,02/12/25 02:54:10,02/12/25 02:55:10,coxmichelle@example.org,Danielle Ryan,,8516606703,Mondays 11:30 AM - 12:00  PM;Thursday 9:30 AM - 10:00 AM;Wednesday 1:30 PM - 2:00 PM;
3,02/09/25 02:43:16,02/09/25 02:47:16,uevans@example.org,Don Malone,,651.431.5185x62751,Mondays 10:00 AM - 10:30 AM;Mondays 10:30 AM - 11:00 AM;Wednesday 1:30 PM - 2:00 PM;Wednesday 2:00 PM - 2:30 PM;Mondays 11:00 AM - 11:30 AM;Wednesday 2:30 PM - 3:00 PM;
4,02/03/25 04:33:31,02/03/25 04:34:31,klopez@example.org,Linda Elliott,,5089886560,Wednesday 1:30 PM - 2:00 PM;Thursday 10:00 AM - 10:30 AM;Mondays 10:30 AM - 11:00 AM;Thursday 9:30 AM - 10:00 AM;
5,02/09/25 14:57:25,02/09/25 14:59:25,haileymiller@example.org,Tony Newman,,(428)397-0194x8026,Wednesday 1:30 PM - 2:00 PM;
6,02/05/25 20:32:06,02/05/25 20:41:06,heatherwood@example.com,Kyle Gonzales,,796-500-7342x259,Thursday 9:30 AM - 10:00 AM;Thursday 10:00 AM - 10:30 AM;Wednesday 2:30 PM - 3:00 PM;Friday 3:00 PM - 3:30 PM;Wednesday 2:00 PM - 2:30 PM;Mondays 11:00 AM - 11:30 AM;Thursday 9:00 AM - 9:30 AM;Wednesday 1:30 PM - 2:00 PM;
7,02/05/25 04:13:15,02/05/25 04:23:15,riversmatthew@example.org,Gavin Vasquez DDS,,569-213-9251,Mondays 10:00 AM - 10:30 AM;Wednesday 2:30 PM - 3:00 PM;Friday 3:00 PM - 3:30 PM;Thursday 9:00 AM - 9:30 AM;Thursday 10:00 AM - 10:30 AM;Mondays 10:30 AM - 11:00 AM;Thursday 9:30 AM - 10:00 AM;
8,02/06/25 06:33:06,02/06/25 06:36:06,osbornchristine@example.com,Cynthia Crosby,,+1-862-599-9868,Thursday 9:00 AM - 9:30 AM;Mondays 10:30 AM - 11:00 AM;Mondays 11:00 AM - 11:30 AM;Mondays 11:30 AM - 12:00  PM;Thursday 10:00 AM - 10:30 AM;Mondays 10:00 AM - 10:30 AM;Wednesday 1:30 PM - 2:00 PM;
9,02/04/25 11:14:21,02/04/25 11:16:21,jhill@example.net,Frank Spencer,,324-831-2569x05787,Mondays 10:30 AM - 11:00 AM;Mondays 11:30 AM - 12:00  PM;Mondays 11:00 AM - 11:30 AM;Thursday 9:30 AM - 10:00 AM;Wednesday 2:00 PM - 2:30 PM;Thursday 9:00 AM - 9:30 AM;Wednesday 1:30 PM - 2:00 PM;
10,02/12/25 11:59:24,02/12/25 12:04:24,williamsondaniel@example.com,John Thomas,,647.911.0839x852,Thursday 10:00 AM - 10:30 AM;Wednesday 2:30 PM - 3:00 PM;Thursday 9:00 AM - 9:30 AM;Mondays 10:00 AM - 10:30 AM;Wednesday 2:00 PM - 2:30 PM;Thursday 9:30 AM - 10:00 AM;Mondays 11:30 AM - 12:00  PM;
11,02/04/25 20:47:44,02/04/25 20:55:44,brettmunoz@example.org,Lisa Vasquez,,8433338628,Mondays 11:30 AM - 12:00  PM;Thursday 9:30 AM - 10:00 AM;Wednesday 2:30 PM - 3:00 PM;Mondays 10:00 AM - 10:30 AM;Wednesday 1:30 PM - 2:00 PM;Thursday 10:00 AM - 10:30 AM;Friday 3:00 PM - 3:30 PM;Wednesday 2:00 PM - 2:30 PM;
12,02/09/25 00:06:14,02/09/25 00:16:14,christine89@example.org,Jennifer Espinoza,,(656)903-7309x9646,Thursday 9:30 AM - 10:00 AM;Mondays 10:00 AM - 10:30 AM;Mondays 10:30 AM - 11:00 AM;Wednesday 1:30 PM - 2:00 PM;
13,02/12/25 18:13:34,02/12/25 18:19:34,christianhart@example.net,Thomas Gutierrez,,(583)350-5312x6250,Mondays 10:00 AM - 10:30 AM;Mondays 11:00 AM - 11:30 AM;
14,02/04/25 16:32:13,02/04/25 16:39:13,julian81@example.org,Kenneth Ortiz,,757.468.0974,Wednesday 2:00 PM - 2:30 PM;Friday 3:00 PM - 3:30 PM;Mondays 10:00 AM - 10:30 AM;Mondays 11:00 AM - 11:30 AM;Thursday 10:00 AM - 10:30 AM;Wednesday 1:30 PM - 2:00 PM;
15,02/01/25 02:13:24,02/01/25 02:16:24,oalexander@example.org,Danny Thompson,,713.763.6539,Mondays 11:30 AM - 12:00  PM;Wednesday 1:30 PM - 2:00 PM;
16,02/09/25 04:43:10,02/09/25 04:52:10,chernandez@example.com,Natalie Little,,816.460.7764,Wednesday 2:30 PM - 3:00 PM;Wednesday 2:00 PM - 2:30 PM;Thursday 10:00 AM - 10:30 AM;Mondays 10:30 AM - 11:00 AM;
17,02/05/25 19:59:07,02/05/25 20:09:07,richard09@example.org,David Koch,,(561)868-6156,Friday 3:00 PM - 3:30 PM;Mondays 10:30 AM - 11:00 AM;Mondays 10:00 AM - 10:30 AM;Mondays 11:30 AM - 12:00  PM;Wednesday 2:30 PM - 3:00 PM;Mondays 11:00 AM - 11:30 AM;
18,02/09/25 04:24:09,02/09/25 04:34:09,johnjennings@example.org,Brandi Jones,,802-673-2462x3347,Wednesday 1:30 PM - 2:00 PM;Mondays 10:30 AM - 11:00 AM;Thursday 10:00 AM - 10:30 AM;
19,02/10/25 16:21:27,02/10/25 16:30:27,michaelhansen@example.com,Dillon Barrett,,802-635-3777,Thursday 10:00 AM - 10:30 AM;Wednesday 2:00 PM - 2:30 PM;Wednesday 1:30 PM - 2:00 PM;Mondays 11:00 AM - 11:30 AM;Thursday 9:00 AM - 9:30 AM;Mondays 11:30 AM - 12:00  PM;
20,02/02/25 18:12:02,02/02/25 18:17:02,stephanietaylor@example.net,Dawn Davis,,+1-249-977-4185x6022,Wednesday 1:30 PM - 2:00 PM;Thursday 9:30 AM - 10:00 AM;Wednesday 2:30 PM - 3:00 PM;Thursday 10:00 AM - 10:30 AM;
21,02/04/25 23:52:20,02/04/25 23:55:20,peter04@example.org,Brenda Walker,,(766)480-9038x0568,Thursday 10:00 AM - 10:30 AM;Friday 3:00 PM - 3:30 PM;Thursday 9:00 AM - 9:30 AM;Wednesday 1:30 PM - 2:00 PM;Mondays 11:00 AM - 11:30 AM;Mondays 10:00 AM - 10:30 AM;
22,02/12/25 09:19:00,02/12/25 09:20:00,ipoole@example.com,Sarah Robles,,+1-465-376-9629x9285,Mondays 10:30 AM - 11:00 AM;
23,02/09/25 17:16:50,02/09/25 17:20:50,angela69@example.org,Reginald Hawkins,,(430)660-6122x62014,Thursday 9:30 AM - 10:00 AM;Wednesday 2:00 PM - 2:30 PM;Thursday 10:00 AM - 10:30 AM;
24,02/01/25 23:35:52,02/01/25 23:42:52,gfaulkner@example.com,Carl Kane,,881-776-0830x71700,Thursday 10:00 AM - 10:30 AM;Wednesday 2:00 PM - 2:30 PM;Mondays 10:00 AM - 10:30 AM;Mondays 10:30 AM - 11:00 AM;Wednesday 1:30 PM - 2:00 PM;Mondays 11:30 AM - 12:00  PM;Thursday 9:00 AM - 9:30 AM;
25,02/05/25 12:19:00,02/05/25 12:21:00,michael22@example.org,William Pierce,,817-611-1843,Mondays 10:30 AM - 11:00 AM;Thursday 10:00 AM - 10:30 AM;Mondays 10:00 AM - 10:30 AM;
26,02/01/25 16:09:41,02/01/25 16:17:41,cowantravis@example.net,Calvin Baker,,505-426-9446x742,Mondays 11:00 AM - 11:30 AM;Wednesday 2:00 PM - 2:30 PM;Wednesday 1:30 PM - 2:00 PM;Friday 3:00 PM - 3:30 PM;Wednesday 2:30 PM - 3:00 PM;
27,02/12/25 07:11:17,02/12/25 07:13:17,haley84@example.com,Amy Hamilton,,587.358.9357x04862,Friday 3:00 PM - 3:30 PM;Wednesday 2:00 PM - 2:30 PM;Wednesday 1:30 PM - 2:00 PM;Thursday 10:00 AM - 10:30 AM;
28,02/12/25 01:41:21,02/12/25 01:49:21,hollanddavid@example.net,Lisa Shaw,,+1-424-214-0846x193,Thursday 9:30 AM - 10:00 AM;
29,02/10/25 01:11:17,02/10/25 01:15:17,kstewart@example.net,Adam Johnson,,820.212.9253,Mondays 10:00 AM - 10:30 AM;Friday 3:00 PM - 3:30 PM;Wednesday 2:30 PM - 3:00 PM;Thursday 9:00 AM - 9:30 AM;Wednesday 1:30 PM - 2:00 PM;Wednesday 2:00 PM - 2:30 PM;
30,02/11/25 15:15:58,02/11/25 15:16:58,rachel68@example.org,Michael Odom,,563.262.5695x60302,Mondays 11:30 AM - 12:00  PM;Mondays 11:00 AM - 11:30 AM;
31,02/05/25 10:40:21,02/05/25 10:44:21,anthony17@example.org,Victoria Scott,,933-266-1830x530,Thursday 9:00 AM - 9:30 AM;Thursday 9:30 AM - 10:00 AM;Thursday 10:00 AM - 10:30 AM;Mondays 11:00 AM - 11:30 AM;Wednesday 2:30 PM - 3:00 PM;Mondays 10:30 AM - 11:00 AM;Mondays 11:30 AM - 12:00  PM;
32,02/10/25 05:27:38,02/10/25 05:28:38,uortega@example.com,Deborah Reyes,,836.595.0818x10331,Thursday 10:00 AM - 10:30 AM;Friday 3:00 PM - 3:30 PM;Thursday 9:30 AM - 10:00 AM;Wednesday 2:00 PM - 2:30 PM;
33,02/10/25 21:15:03,02/10/25 21:16:03,bthompson@example.com,Melanie Mccarthy,,(440)481-2726x9114,Mondays 11:00 AM - 11:30 AM;Thursday 9:00 AM - 9:30 AM;Thursday 9:30 AM - 10:00 AM;
34,02/05/25 22:04:19,02/05/25 22:13:19,joshua54@example.com,Dustin Barnes,,7927542604,Wednesday 1:30 PM - 2:00 PM;Friday 3:00 PM - 3:30 PM;Thursday 9:30 AM - 10:00 AM;
35,02/07/25 11:04:04,02/07/25 11:09:04,ychambers@example.org,Matthew Robinson,,+1-899-365-0930x94089,Mondays 10:00 AM - 10:30 AM;Thursday 9:30 AM - 10:00 AM;Wednesday 1:30 PM - 2:00 PM;Mondays 11:30 AM - 12:00  PM;Friday 3:00 PM - 3:30 PM;Wednesday 2:00 PM - 2:30 PM;Thursday 10:00 AM - 10:30 AM;Mondays 10:30 AM - 11:00 AM;
36,02/10/25 14:39:16,02/10/25 14:49:16,qcox@example.org,Pamela Trujillo,,200.631.5680x17726,Mondays 11:30 AM - 12:00  PM;Thursday 10:00 AM - 10:30 AM;Mondays 10:00 AM - 10:30 AM;Mondays 11:00 AM - 11:30 AM;Wednesday 1:30 PM - 2:00 PM;Thursday 9:00 AM - 9:30 AM;Wednesday 2:00 PM - 2:30 PM;
37,02/12/25 03:48:23,02/12/25 03:50:23,jennifer87@example.com,Bobby Garcia,,(892)839-9477,Wednesday 2:00 PM - 2:30 PM;Thursday 9:30 AM - 10:00 AM;Mondays 10:30 AM - 11:00 AM;Wednesday 1:30 PM - 2:00 PM;
38,02/08/25 16:06:46,02/08/25 16:08:46,dcampbell@example.net,Brandi Harris,,(291)299-5147x8451,Mondays 10:00 AM - 10:30 AM;Wednesday 2:30 PM - 3:00 PM;Thursday 9:30 AM - 10:00 AM;Mondays 11:00 AM - 11:30 AM;Friday 3:00 PM - 3:30 PM;Wednesday 2:00 PM - 2:30 PM;
39,02/10/25 18:42:30,02/10/25 18:44:30,anthonypayne@example.org,Erin Brown,,900-453-2132x7878,Wednesday 1:30 PM - 2:00 PM;Thursday 9:30 AM - 10:00 AM;Wednesday 2:00 PM - 2:30 PM;Wednesday 2:30 PM - 3:00 PM;Mondays 10:30 AM - 11:00 AM;Mondays 10:00 AM - 10:30 AM;Mondays 11:00 AM - 11:30 AM;
40,02/03/25 13:38:17,02/03/25 13:44:17,esalazar@example.net,Dr. Anthony Meyer,,807-875-9710x631,Wednesday 1:30 PM - 2:00 PM;Wednesday 2:00 PM - 2:30 PM;Friday 3:00 PM - 3:30 PM;Wednesday 2:30 PM - 3:00 PM;Mondays 10:30 AM - 11:00 AM;Mondays 10:00 AM - 10:30 AM;Mondays 11:00 AM - 11:30 AM;
41,02/12/25 04:43:00,02/12/25 04:50:00,ericlarsen@example.org,Tonya Cordova,,8118107469,Mondays 10:00 AM - 10:30 AM;Wednesday 2:00 PM - 2:30 PM;Thursday 9:30 AM - 10:00 AM;Mondays 10:30 AM - 11:00 AM;Wednesday 1:30 PM - 2:00 PM;Mondays 11:00 AM - 11:30 AM;
42,02/05/25 04:28:10,02/05/25 04:35:10,johnevans@example.net,Robert Ho,,(313)534-9946x18248,Thursday 9:00 AM - 9:30 AM;Mondays 10:30 AM - 11:00 AM;Wednesday 2:30 PM - 3:00 PM;Mondays 10:00 AM - 10:30 AM;
43,02/03/25 07:03:54,02/03/25 07:12:54,howardbrittany@example.com,Marissa Frye,,7315855028,Mondays 11:00 AM - 11:30 AM;Wednesday 1:30 PM - 2:00 PM;Wednesday 2:30 PM - 3:00 PM;
44,02/08/25 02:44:28,02/08/25 02:47:28,matthew27@example.net,Zachary Smith,,001-204-349-9369,Mondays 11:30 AM - 12:00  PM;Thursday 9:00 AM - 9:30 AM;Wednesday 2:30 PM - 3:00 PM;Wednesday 2:00 PM - 2:30 PM;
45,02/11/25 20:24:27,02/11/25 20:26:27,tcastillo@example.net,Stacey Garcia,,695.392.7866,Wednesday 2:30 PM - 3:00 PM;Thursday 9:30 AM - 10:00 AM;Wednesday 1:30 PM - 2:00 PM;Thursday 9:00 AM - 9:30 AM;Mondays 11:00 AM - 11:30 AM;Thursday 10:00 AM - 10:30 AM;Wednesday 2:00 PM - 2:30 PM;
46,02/12/25 14:51:59,02/12/25 14:58:59,stephanie42@example.org,Erica Rivera,,567-843-2383,Mondays 10:30 AM - 11:00 AM;Wednesday 1:30 PM - 2:00 PM;Mondays 11:30 AM - 12:00  PM;Mondays 11:00 AM - 11:30 AM;Friday 3:00 PM - 3:30 PM;Wednesday 2:30 PM - 3:00 PM;Mondays 10:00 AM - 10:30 AM;Thursday 9:00 AM - 9:30 AM;
47,02/11/25 00:06:46,02/11/25 00:08:46,lsingh@example.net,John Reid,,+1-701-238-2353x59612,Mondays 11:30 AM - 12:00  PM;
48,02/08/25 10:46:59,02/08/25 10:47:59,lisa74@example.com,Jonathan Wise,,727.757.5242x23543,Mondays 11:30 AM - 12:00  PM;Wednesday 2:00 PM - 2:30 PM;Mondays 11:00 AM - 11:30 AM;Friday 3:00 PM - 3:30 PM;Thursday 9:30 AM - 10:00 AM;Thursday 9:00 AM - 9:30 AM;
49,02/09/25 06:12:09,02/09/25 06:19:09,carlsonkristen@example.org,Daniel Ward,,624-273-2973,Thursday 9:30 AM - 10:00 AM;Thursday 9:00 AM - 9:30 AM;Mondays 10:30 AM - 11:00 AM;Wednesday 2:30 PM - 3:00 PM;Mondays 11:00 AM - 11:30 AM;
50,02/06/25 09:21:57,02/06/25 09:28:57,rileykathy@example.com,Mark Peterson,,001-579-904-2191x35211,Mondays 11:30 AM - 12:00  PM;Mondays 10:30 AM - 11:00 AM;Thursday 9:30 AM - 10:00 AM;Mondays 11:00 AM - 11:30 AM;
51,02/04/25 06:19:53,02/04/25 06:29:53,isaiahhansen@example.com,Sarah Hernandez,,402-988-7988x3191,Mondays 11:00 AM - 11:30 AM;
52,02/07/25 10:57:20,02/07/25 11:05:20,matthew02@example.net,Allison Wiley,,668.878.1823x91347,Wednesday 2:30 PM - 3:00 PM;
53,02/06/25 17:19:39,02/06/25 17:22:39,rodney07@example.com,David Taylor,,5443084213,Thursday 10:00 AM - 10:30 AM;Thursday 9:30 AM - 10:00 AM;Mondays 11:30 AM - 12:00  PM;Thursday 9:00 AM - 9:30 AM;Wednesday 1:30 PM - 2:00 PM;Wednesday 2:30 PM - 3:00 PM;Mondays 10:00 AM - 10:30 AM;Mondays 10:30 AM - 11:00 AM;
54,02/10/25 05:59:42,02/10/25 06:09:42,heidi84@example.com,Deborah Duncan,,405.618.5874,Mondays 11:30 AM - 12:00  PM;
55,02/01/25 14:24:21,02/01/25 14:26:21,qwolfe@example.com,Elizabeth Mathews,,+1-254-671-1209x8249,Friday 3:00 PM - 3:30 PM;Wednesday 2:00 PM - 2:30 PM;Thursday 9:30 AM - 10:00 AM;Wednesday 2:30 PM - 3:00 PM;Mondays 11:00 AM - 11:30 AM;Mondays 10:00 AM - 10:30 AM;
56,02/05/25 16:46:41,02/05/25 16:53:41,amerritt@example.net,Michelle Robinson,,857-820-8376x7557,Mondays 11:00 AM - 11:30 AM;Wednesday 2:30 PM - 3:00 PM;Mondays 10:00 AM - 10:30 AM;Thursday 10:00 AM - 10:30 AM;Thursday 9:00 AM - 9:30 AM;Mondays 11:30 AM - 12:00  PM;
57,02/10/25 10:22:47,02/10/25 10:23:47,ashleynelson@example.org,Kent Wade,,202.289.5122x2404,Thursday 9:30 AM - 10:00 AM;Wednesday 2:30 PM - 3:00 PM;Mondays 11:00 AM - 11:30 AM;Mondays 11:30 AM - 12:00  PM;Thursday 10:00 AM - 10:30 AM;Wednesday 2:00 PM - 2:30 PM;
58,02/07/25 04:54:52,02/07/25 04:58:52,lewisjacob@example.net,James Davis,,+1-986-735-2453x1772,Wednesday 1:30 PM - 2:00 PM;Wednesday 2:30 PM - 3:00 PM;Wednesday 2:00 PM - 2:30 PM;Mondays 11:00 AM - 11:30 AM;
59,02/05/25 17:04:59,02/05/25 17:08:59,adrian95@example.org,Teresa Bruce,,9224427941,Mondays 10:30 AM - 11:00 AM;Friday 3:00 PM - 3:30 PM;Wednesday 2:00 PM - 2:30 PM;Thursday 9:00 AM - 9:30 AM;Wednesday 2:30 PM - 3:00 PM;Mondays 10:00 AM - 10:30 AM;Mondays 11:00 AM - 11:30 AM;
60,02/12/25 09:44:24,02/12/25 09:49:24,arnolddavid@example.com,Stephanie Ward,,(417)246-5524x41015,Thursday 10:00 AM - 10:30 AM;Wednesday 1:30 PM - 2:00 PM;Thursday 9:00 AM - 9:30 AM;Mondays 10:00 AM - 10:30 AM;Wednesday 2:00 PM - 2:30 PM;Mondays 10:30 AM - 11:00 AM;
61,02/05/25 20:05:39,02/05/25 20:15:39,bking@example.net,Mrs. Jessica Myers,,001-223-556-2253x5971,Mondays 10:00 AM - 10:30 AM;Thursday 10:00 AM - 10:30 AM;Mondays 11:30 AM - 12:00  PM;Mondays 11:00 AM - 11:30 AM;
62,02/06/25 14:47:48,02/06/25 14:49:48,rturner@example.org,Cesar Suarez,,(901)348-3837x147,Wednesday 2:30 PM - 3:00 PM;Wednesday 1:30 PM - 2:00 PM;Thursday 9:30 AM - 10:00 AM;Thursday 9:00 AM - 9:30 AM;Mondays 10:30 AM - 11:00 AM;Mondays 11:00 AM - 11:30 AM;Thursday 10:00 AM - 10:30 AM;
63,02/08/25 13:16:38,02/08/25 13:23:38,brownjames@example.net,Anthony James,,3665496446,Mondays 11:30 AM - 12:00  PM;Thursday 10:00 AM - 10:30 AM;Mondays 10:00 AM - 10:30 AM;Friday 3:00 PM - 3:30 PM;
64,02/07/25 22:17:18,02/07/25 22:27:18,chanmichael@example.net,Ashley Tapia,,001-778-246-7052x845,Friday 3:00 PM - 3:30 PM;Wednesday 1:30 PM - 2:00 PM;Thursday 9:00 AM - 9:30 AM;Wednesday 2:00 PM - 2:30 PM;Mondays 11:00 AM - 11:30 AM;Mondays 10:30 AM - 11:00 AM;
65,02/03/25 16:26:17,02/03/25 16:36:17,oliverlisa@example.org,Alicia Werner,,912-656-8407x85132,Thursday 9:00 AM - 9:30 AM;Wednesday 2:30 PM - 3:00 PM;
66,02/08/25 14:26:39,02/08/25 14:27:39,trevorhansen@example.net,Theresa Harrison,,688-944-3762,Thursday 10:00 AM - 10:30 AM;Friday 3:00 PM - 3:30 PM;Mondays 10:30 AM - 11:00 AM;Thursday 9:30 AM - 10:00 AM;Mondays 11:00 AM - 11:30 AM;Thursday 9:00 AM - 9:30 AM;Wednesday 1:30 PM - 2:00 PM;
67,02/12/25 04:47:13,02/12/25 04:49:13,sgarcia@example.net,Paul Carney,,864-407-0921x746,Thursday 10:00 AM - 10:30 AM;Wednesday 2:00 PM - 2:30 PM;Mondays 10:00 AM - 10:30 AM;Thursday 9:00 AM - 9:30 AM;Wednesday 1:30 PM - 2:00 PM;Thursday 9:30 AM - 10:00 AM;Mondays 10:30 AM - 11:00 AM;
68,02/11/25 19:34:20,02/11/25 19:41:20,robinjohnson@example.net,Jeremy Wu II,,503.540.5489x78409,Thursday 9:00 AM - 9:30 AM;Mondays 10:00 AM - 10:30 AM;Thursday 10:00 AM - 10:30 AM;Thursday 9:30 AM - 10:00 AM;Mondays 10:30 AM - 11:00 AM;
69,02/06/25 21:44:57,02/06/25 21:45:57,nielsenangela@example.org,Sean Whitney,,646.567.3315,Thursday 9:00 AM - 9:30 AM;Wednesday 2:00 PM - 2:30 PM;Wednesday 1:30 PM - 2:00 PM;
70,02/05/25 09:56:42,02/05/25 10:03:42,rogerswilliam@example.org,Diana Cuevas,,(685)337-2271x9933,Thursday 10:00 AM - 10:30 AM;Mondays 10:30 AM - 11:00 AM;Wednesday 2:00 PM - 2:30 PM;Friday 3:00 PM - 3:30 PM;Mondays 11:00 AM - 11:30 AM;
71,02/01/25 12:29:45,02/01/25 12:31:45,peter76@example.net,Mathew Stewart,,(240)389-6869,Thursday 10:00 AM - 10:30 AM;Mondays 11:00 AM - 11:30 AM;Mondays 10:30 AM - 11:00 AM;Mondays 11:30 AM - 12:00  PM;
72,02/02/25 22:40:25,02/02/25 22:43:25,moraleschase@example.net,Michael May,,+1-858-812-2093x352,Wednesday 1:30 PM - 2:00 PM;Mondays 11:30 AM - 12:00  PM;Thursday 9:30 AM - 10:00 AM;Friday 3:00 PM - 3:30 PM;Thursday 10:00 AM - 10:30 AM;Wednesday 2:00 PM - 2:30 PM;Mondays 11:00 AM - 11:30 AM;
73,02/08/25 23:59:27,02/09/25 00:04:27,sanchezdaniel@example.org,David Collier,,+1-795-522-8932x45410,Mondays 10:00 AM - 10:30 AM;Thursday 9:00 AM - 9:30 AM;Friday 3:00 PM - 3:30 PM;Wednesday 2:30 PM - 3:00 PM;
74,02/10/25 21:32:50,02/10/25 21:33:50,yrhodes@example.net,Dominique Mahoney,,+1-211-802-4994x83893,Mondays 10:30 AM - 11:00 AM;Thursday 9:00 AM - 9:30 AM;
75,02/07/25 00:27:24,02/07/25 00:32:24,francisco69@example.net,Austin Rodriguez,,(357)656-0121,Wednesday 2:00 PM - 2:30 PM;Mondays 10:00 AM - 10:30 AM;Mondays 11:30 AM - 12:00  PM;Mondays 11:00 AM - 11:30 AM;Thursday 10:00 AM - 10:30 AM;Wednesday 2:30 PM - 3:00 PM;Mondays 10:30 AM - 11:00 AM;Thursday 9:30 AM - 10:00 AM;
76,02/11/25 13:29:47,02/11/25 13:32:47,jermainemeyers@example.org,Luis Best,,+1-757-599-0300x747,Wednesday 2:00 PM - 2:30 PM;Mondays 10:00 AM - 10:30 AM;Mondays 10:30 AM - 11:00 AM;Thursday 10:00 AM - 10:30 AM;
77,02/03/25 22:26:25,02/03/25 22:29:25,klane@example.org,Caitlin Love,,4658169085,Wednesday 2:00 PM - 2:30 PM;Thursday 10:00 AM - 10:30 AM;Mondays 11:00 AM - 11:30 AM;Mondays 11:30 AM - 12:00  PM;Thursday 9:00 AM - 9:30 AM;Wednesday 1:30 PM - 2:00 PM;Wednesday 2:30 PM - 3:00 PM;
78,02/07/25 20:55:56,02/07/25 20:56:56,nathan78@example.com,Amanda Gardner,,576-228-3078x862,Friday 3:00 PM - 3:30 PM;Thursday 9:30 AM - 10:00 AM;Mondays 11:30 AM - 12:00  PM;Mondays 10:30 AM - 11:00 AM;Wednesday 2:00 PM - 2:30 PM;Wednesday 2:30 PM - 3:00 PM;
79,02/12/25 02:06:04,02/12/25 02:07:04,ncollins@example.net,Keith Romero,,819.472.7716x0424,Thursday 9:30 AM - 10:00 AM;Mondays 10:00 AM - 10:30 AM;Mondays 11:00 AM - 11:30 AM;Wednesday 1:30 PM - 2:00 PM;Wednesday 2:00 PM - 2:30 PM;Wednesday 2:30 PM - 3:00 PM;Friday 3:00 PM - 3:30 PM;Mondays 11:30 AM - 12:00  PM;
80,02/05/25 20:27:43,02/05/25 20:31:43,mcdonaldmichael@example.net,Anthony Schultz,,001-700-841-3510x23066,Thursday 10:00 AM - 10:30 AM;Mondays 11:30 AM - 12:00  PM;
81,02/12/25 01:45:43,02/12/25 01:47:43,williamsanna@example.org,Leslie Smith,,(808)279-1753x4485,Mondays 11:30 AM - 12:00  PM;Mondays 10:00 AM - 10:30 AM;Friday 3:00 PM - 3:30 PM;
82,02/11/25 18:00:01,02/11/25 18:06:01,turnermadeline@example.com,Lisa Burnett,,393.950.5202x03554,Wednesday 2:00 PM - 2:30 PM;Mondays 11:00 AM - 11:30 AM;Thursday 9:00 AM - 9:30 AM;Mondays 10:00 AM - 10:30 AM;Mondays 10:30 AM - 11:00 AM;
83,02/04/25 19:11:30,02/04/25 19:19:30,nelsonalexander@example.net,Lorraine Cervantes,,(362)352-8057x17895,Wednesday 2:00 PM - 2:30 PM;Friday 3:00 PM - 3:30 PM;Wednesday 2:30 PM - 3:00 PM;Thursday 10:00 AM - 10:30 AM;Thursday 9:30 AM - 10:00 AM;
84,02/02/25 20:30:39,02/02/25 20:36:39,denise03@example.org,Anthony Wang,,956.716.6789,Thursday 9:30 AM - 10:00 AM;
85,02/08/25 15:20:31,02/08/25 15:24:31,charles62@example.net,Monica Mcdaniel,,(691)905-1568,Mondays 11:00 AM - 11:30 AM;Wednesday 2:30 PM - 3:00 PM;
86,02/12/25 00:45:06,02/12/25 00:53:06,omeyer@example.net,Melissa Larson,,990-870-7369x09998,Friday 3:00 PM - 3:30 PM;Mondays 11:00 AM - 11:30 AM;Wednesday 2:00 PM - 2:30 PM;Mondays 11:30 AM - 12:00  PM;Wednesday 2:30 PM - 3:00 PM;Mondays 10:30 AM - 11:00 AM;
87,02/02/25 10:10:45,02/02/25 10:13:45,krameradriana@example.net,Jonathan Spencer,,(325)956-7805x018,Wednesday 2:30 PM - 3:00 PM;Friday 3:00 PM - 3:30 PM;Thursday 10:00 AM - 10:30 AM;Mondays 11:00 AM - 11:30 AM;Mondays 10:00 AM - 10:30 AM;Thursday 9:30 AM - 10:00 AM;Wednesday 2:00 PM - 2:30 PM;Thursday 9:00 AM - 9:30 AM;
88,02/02/25 18:52:18,02/02/25 19:02:18,keith52@example.org,Carl Walker,,897-462-7776x38434,Mondays 10:30 AM - 11:00 AM;Friday 3:00 PM - 3:30 PM;Mondays 10:00 AM - 10:30 AM;
89,02/02/25 13:42:56,02/02/25 13:47:56,cheyenne16@example.net,Jessica Smith,,+1-881-482-9277,Thursday 9:00 AM - 9:30 AM;
90,02/07/25 00:40:41,02/07/25 00:47:41,sharon14@example.com,Kimberly Henson,,(931)966-3884x0447,Mondays 11:00 AM - 11:30 AM;Mondays 11:30 AM - 12:00  PM;Wednesday 2:00 PM - 2:30 PM;Wednesday 1:30 PM - 2:00 PM;Thursday 10:00 AM - 10:30 AM;Wednesday 2:30 PM - 3:00 PM;Thursday 9:00 AM - 9:30 AM;Mondays 10:30 AM - 11:00 AM;
91,02/01/25 10:37:20,02/01/25 10:38:20,nwalsh@example.net,Diana Romero,,001-518-520-3362x4061,Thursday 9:30 AM - 10:00 AM;Mondays 10:30 AM - 11:00 AM;Mondays 11:30 AM - 12:00  PM;
92,02/10/25 10:02:58,02/10/25 10:08:58,baldwinstephen@example.org,Amy Ewing,,369.542.3152,Wednesday 2:00 PM - 2:30 PM;
93,02/08/25 05:33:00,02/08/25 05:40:00,earlgarrett@example.net,Gregory Miller,,713-253-7116x428,Wednesday 2:00 PM - 2:30 PM;Friday 3:00 PM - 3:30 PM;
94,02/05/25 20:54:44,02/05/25 20:59:44,dburke@example.org,Bethany Harris,,+1-825-249-8386x851,Wednesday 1:30 PM - 2:00 PM;Mondays 10:00 AM - 10:30 AM;Wednesday 2:00 PM - 2:30 PM;Friday 3:00 PM - 3:30 PM;
95,02/03/25 17:39:55,02/03/25 17:41:55,brandoncarson@example.com,Ryan Jackson,,+1-832-294-7921x7789,Wednesday 2:30 PM - 3:00 PM;Thursday 9:30 AM - 10:00 AM;Mondays 10:00 AM - 10:30 AM;Mondays 10:30 AM - 11:00 AM;Thursday 9:00 AM - 9:30 AM;Mondays 11:00 AM - 11:30 AM;
96,02/11/25 15:35:22,02/11/25 15:41:22,brenda44@example.net,Brendan Stevenson,,913-930-6887,Mondays 10:30 AM - 11:00 AM;Wednesday 2:30 PM - 3:00 PM;Wednesday 1:30 PM - 2:00 PM;Mondays 10:00 AM - 10:30 AM;Thursday 9:00 AM - 9:30 AM;Friday 3:00 PM - 3:30 PM;Thursday 9:30 AM - 10:00 AM;
97,02/10/25 20:54:39,02/10/25 20:58:39,jenniferholmes@example.net,Phillip Miller,,697-348-0238x644,Wednesday 2:00 PM - 2:30 PM;Thursday 9:00 AM - 9:30 AM;Thursday 10:00 AM - 10:30 AM;Mondays 11:00 AM - 11:30 AM;
98,02/05/25 16:53:57,02/05/25 17:00:57,udecker@example.com,Robert Young,,901.403.6116x93014,Wednesday 2:00 PM - 2:30 PM;Mondays 10:30 AM - 11:00 AM;Wednesday 1:30 PM - 2:00 PM;Friday 3:00 PM - 3:30 PM;Thursday 9:00 AM - 9:30 AM;Wednesday 2:30 PM - 3:00 PM;Mondays 10:00 AM - 10:30 AM;
99,02/08/25 08:29:34,02/08/25 08:36:34,mhall@example.net,Charles Dean,,+1-868-915-6762x795,Mondays 11:30 AM - 12:00  PM;Thursday 9:00 AM - 9:30 AM;
